date,event,mark,meet,notes
2023-03-24,100H,23.55,Bearcat HS Invitational,"raw 23.55; 2023 Outdoor; 18th Finals; Mar 24, 2023; unit seconds; https://va.milesplit.com/meets/490133-bearcat-hs-invitational-2023/results/886520"
2023-03-24,300H,61.60,Bearcat HS Invitational,"raw 1:01.60; 2023 Outdoor; 14th Finals; Mar 24, 2023; unit seconds; https://va.milesplit.com/meets/490133-bearcat-hs-invitational-2023/results/886520"
2023-03-24,High Jump,54,Bearcat HS Invitational,"raw 4-6; 2023 Outdoor; 4th Finals; Mar 24, 2023; unit inches; https://va.milesplit.com/meets/490133-bearcat-hs-invitational-2023/results/886520"
2023-03-24,Long Jump,153.75,Bearcat HS Invitational,"raw 12-9.75; 2023 Outdoor; 28th Finals; Mar 24, 2023; unit inches; https://va.milesplit.com/meets/490133-bearcat-hs-invitational-2023/results/886520"
2023-03-28,200m,31.32,Peak Physical Therapy/Body Works Fitness Opener,"raw 31.32; 2023 Outdoor; 14th Finals; Mar 28, 2023; unit seconds; https://va.milesplit.com/meets/510931-peak-physical-therapybody-works-fitness-opener-2023/results/888952"
2023-03-28,400m,74.41,Peak Physical Therapy/Body Works Fitness Opener,"raw 1:14.41; 2023 Outdoor; 9th Finals; Mar 28, 2023; unit seconds; https://va.milesplit.com/meets/510931-peak-physical-therapybody-works-fitness-opener-2023/results/888952"
2023-03-28,High Jump,56,Peak Physical Therapy/Body Works Fitness Opener,"raw 4-8; 2023 Outdoor; 3rd Finals; Mar 28, 2023; unit inches; https://va.milesplit.com/meets/510931-peak-physical-therapybody-works-fitness-opener-2023/results/888952"
2023-03-28,Long Jump,148,Peak Physical Therapy/Body Works Fitness Opener,"raw 12-4; 2023 Outdoor; 16th Finals; Mar 28, 2023; unit inches; https://va.milesplit.com/meets/510931-peak-physical-therapybody-works-fitness-opener-2023/results/888952"
2023-04-01,300H,59.74,Tri-Cities Track Classic,"raw 59.74; 2023 Outdoor; 21st Finals; Apr 01, 2023; unit seconds; https://va.milesplit.com/meets/515034-tri-cities-track-classic-2023/results/891958"
2023-04-01,High Jump,56,Tri-Cities Track Classic,"raw 4-8; 2023 Outdoor; 7th Finals; Apr 01, 2023; unit inches; https://va.milesplit.com/meets/515034-tri-cities-track-classic-2023/results/891958"
2023-04-01,Triple Jump,357.25,Tri-Cities Track Classic,"raw 29-9.25; 2023 Outdoor; 16th Finals; Apr 01, 2023; unit inches; https://va.milesplit.com/meets/515034-tri-cities-track-classic-2023/results/891958"
2023-04-06,300H,56.90,Judy Thomas Invitational,"raw 56.90; 2023 Outdoor; 12th Finals; Apr 06, 2023; unit seconds; https://va.milesplit.com/meets/508399-judy-thomas-invitational-2023/results/929323"
2023-04-06,High Jump,54,Judy Thomas Invitational,"raw 4-6; 2023 Outdoor; 6th Finals; Apr 06, 2023; unit inches; https://va.milesplit.com/meets/508399-judy-thomas-invitational-2023/results/929323"
2023-04-06,Long Jump,162.25,Judy Thomas Invitational,"raw 13-6.25; 2023 Outdoor; 27th Finals; Apr 06, 2023; unit inches; https://va.milesplit.com/meets/508399-judy-thomas-invitational-2023/results/929323"
2023-04-06,Triple Jump,333.75,Judy Thomas Invitational,"raw 27-9.75; 2023 Outdoor; 19th Finals; Apr 06, 2023; unit inches; https://va.milesplit.com/meets/508399-judy-thomas-invitational-2023/results/929323"
2023-04-08,300H,56.73,Frank Carver Invitational,"raw 56.73; 2023 Outdoor; 8th Finals; Apr 08, 2023; unit seconds; https://va.milesplit.com/meets/508063-frank-carver-invitational-2023/results/897113"
2023-04-08,High Jump,54,Frank Carver Invitational,"raw 4-6; 2023 Outdoor; 5th Finals; Apr 08, 2023; unit inches; https://va.milesplit.com/meets/508063-frank-carver-invitational-2023/results/897113"
2023-04-08,Triple Jump,327,Frank Carver Invitational,"raw 27-3; 2023 Outdoor; 16th Finals; Apr 08, 2023; unit inches; https://va.milesplit.com/meets/508063-frank-carver-invitational-2023/results/897113"
2023-04-21,300H,55.24,Highlands Glass Invitational,"raw 55.24; 2023 Outdoor; 8th Finals; Apr 21, 2023; unit seconds; https://va.milesplit.com/meets/510934-highlands-glass-invitational-2023/results/911393"
2023-04-21,High Jump,54,Highlands Glass Invitational,"raw 4-6; 2023 Outdoor; 5th Finals; Apr 21, 2023; unit inches; https://va.milesplit.com/meets/510934-highlands-glass-invitational-2023/results/911393"
2023-04-21,Long Jump,150,Highlands Glass Invitational,"raw 12-6; 2023 Outdoor; 22nd Finals; Apr 21, 2023; unit inches; https://va.milesplit.com/meets/510934-highlands-glass-invitational-2023/results/911393"
2023-04-21,Triple Jump,362.5,Highlands Glass Invitational,"raw 30-2.5; 2023 Outdoor; 9th Finals; Apr 21, 2023; unit inches; https://va.milesplit.com/meets/510934-highlands-glass-invitational-2023/results/911393"
2023-04-26,300H,56.34,Central Invitational,"raw 56.34; 2023 Outdoor; 5th Finals; Apr 26, 2023; unit seconds; https://va.milesplit.com/meets/539381-central-invitational-2023/results/915383"
2023-04-26,High Jump,54,Central Invitational,"raw 4-6; 2023 Outdoor; 5th Finals; Apr 26, 2023; unit inches; https://va.milesplit.com/meets/539381-central-invitational-2023/results/915383"
2023-04-26,Long Jump,168,Central Invitational,"raw 14-0; 2023 Outdoor; 7th Finals; Apr 26, 2023; unit inches; https://va.milesplit.com/meets/539381-central-invitational-2023/results/915383"
2023-04-26,Triple Jump,367,Central Invitational,"raw 30-7; 2023 Outdoor; 5th Finals; Apr 26, 2023; unit inches; https://va.milesplit.com/meets/539381-central-invitational-2023/results/915383"
2023-05-03,300H,57.06,Rebel Last Chance Meet,"raw 57.06; 2023 Outdoor; 6th Finals; May 03, 2023; unit seconds; https://va.milesplit.com/meets/547066-rebel-last-chance-meet-2023/results/925330"
2023-05-03,High Jump,52,Rebel Last Chance Meet,"raw 4-4; 2023 Outdoor; 5th Finals; May 03, 2023; unit inches; https://va.milesplit.com/meets/547066-rebel-last-chance-meet-2023/results/925330"
2023-05-03,Long Jump,149,Rebel Last Chance Meet,"raw 12-5; 2023 Outdoor; 15th Finals; May 03, 2023; unit inches; https://va.milesplit.com/meets/547066-rebel-last-chance-meet-2023/results/925330"
2023-05-03,Triple Jump,353.5,Rebel Last Chance Meet,"raw 29-5.5; 2023 Outdoor; 6th Finals; May 03, 2023; unit inches; https://va.milesplit.com/meets/547066-rebel-last-chance-meet-2023/results/925330"
2023-05-13,300H,53.27,Blue Demon Invitational,"raw 53.27; 2023 Outdoor; 11th Finals; May 13, 2023; unit seconds; https://va.milesplit.com/meets/508132-blue-demon-invitational-2023/results/934910"
2023-05-13,High Jump,54,Blue Demon Invitational,"raw 4-6; 2023 Outdoor; 15th Finals; May 13, 2023; unit inches; https://va.milesplit.com/meets/508132-blue-demon-invitational-2023/results/934910"
2023-05-13,Long Jump,177,Blue Demon Invitational,"raw 14-9; 2023 Outdoor; 17th Finals; May 13, 2023; unit inches; https://va.milesplit.com/meets/508132-blue-demon-invitational-2023/results/934910"
2023-05-13,Triple Jump,370,Blue Demon Invitational,"raw 30-10; 2023 Outdoor; 20th Finals; May 13, 2023; unit inches; https://va.milesplit.com/meets/508132-blue-demon-invitational-2023/results/934910"
2023-05-17,300H,53.34,2023 Mountain 7 District Championship,"raw 53.34; 2023 Outdoor; 7th Finals; May 17, 2023; unit seconds; https://va.milesplit.com/meets/555022-2023-mountain-7-district-championship-2023/results/936762"
2023-05-17,High Jump,56,2023 Mountain 7 District Championship,"raw 4-8; 2023 Outdoor; 3rd Finals; May 17, 2023; unit inches; https://va.milesplit.com/meets/555022-2023-mountain-7-district-championship-2023/results/936762"
2023-05-17,Long Jump,157.5,2023 Mountain 7 District Championship,"raw 13-1.5; 2023 Outdoor; 13th Finals; May 17, 2023; unit inches; https://va.milesplit.com/meets/555022-2023-mountain-7-district-championship-2023/results/936762"
2023-05-17,Triple Jump,384.5,2023 Mountain 7 District Championship,"raw 32-0.5; 2023 Outdoor; 4th Finals; May 17, 2023; unit inches; https://va.milesplit.com/meets/555022-2023-mountain-7-district-championship-2023/results/936762"
2023-05-25,300H,53.73,VHSL Region 3D Outdoor Championships,"raw 53.73; 2023 Outdoor; 3rd Finals; May 25, 2023; unit seconds; https://va.milesplit.com/meets/538816-vhsl-region-3d-outdoor-championships-2023/results/940916"
2023-05-25,High Jump,56,VHSL Region 3D Outdoor Championships,"raw 4-8; 2023 Outdoor; 10th Finals; May 25, 2023; unit inches; https://va.milesplit.com/meets/538816-vhsl-region-3d-outdoor-championships-2023/results/940916"
2023-05-25,Triple Jump,363.5,VHSL Region 3D Outdoor Championships,"raw 30-3.5; 2023 Outdoor; 9th Finals; May 25, 2023; unit inches; https://va.milesplit.com/meets/538816-vhsl-region-3d-outdoor-championships-2023/results/940916"
2023-09-02,5K XC,1364.40,Becky Selfe Invitational,"raw 22:44.40; 2023 Cc; 16th Finals; Sep 02, 2023; unit seconds; https://va.milesplit.com/meets/551303-becky-selfe-invitational-2023/results/951992"
2023-09-09,5K XC,1328.10,Knights Crossing XC Invitational,"raw 22:08.10; 2023 Cc; 81st Finals; Sep 09, 2023; unit seconds; https://va.milesplit.com/meets/516098-knights-crossing-xc-invitational-2023/results/955096"
2023-09-16,5K XC,1347.60,Walkers Run,"raw 22:27.60; 2023 Cc; 11th Finals; Sep 16, 2023; unit seconds; https://va.milesplit.com/meets/557083-walkers-run-2023/results/959118"
2023-09-20,5K XC,1343.00,Maroon Tide Invitational,"raw 22:23.00; 2023 Cc; 14th Finals; Sep 20, 2023; unit seconds; https://va.milesplit.com/meets/531707-maroon-tide-invitational-2023/results/962212"
2023-09-30,5K XC,1346.30,Bristol Cross,"raw 22:26.30; 2023 Cc; 27th Finals; Sep 30, 2023; unit seconds; https://va.milesplit.com/meets/549346-bristol-cross-2023/results/969353"
2023-10-05,3 Mile XC,1375.90,Randy Smith Classic,"raw 22:55.90; 2023 Cc; 32nd Finals; Oct 05, 2023; unit seconds; https://va.milesplit.com/meets/557457-randy-smith-classic-2023/results/972755"
2023-10-25,5K XC,1449.52,Mountain 7 District Championships,"raw 24:09.52; 2023 Cc; 5th Finals; Oct 25, 2023; unit seconds; https://va.milesplit.com/meets/575260-mountain-7-district-championships-2023/results/984742"
2023-11-01,3 Mile XC,1314.20,VHSL Region 3D Championship,"raw 21:54.20; 2023 Cc; 17th Finals; Nov 01, 2023; unit seconds; https://va.milesplit.com/meets/566621-vhsl-region-3d-championship-2023/results/987454"
2023-11-11,5K XC,1290.10,VHSL Class 3 State XC Meet,"raw 21:30.10; 2023 Cc; 69th Finals; Nov 11, 2023; unit seconds; https://va.milesplit.com/meets/562671-vhsl-class-3-state-xc-meet-2023/results/989301"
2023-12-09,300m,47.69,Liberty Flames High School Invitational,"raw 47.69; 2024 Indoor; 113th Finals; Dec 09, 2023; unit seconds; https://va.milesplit.com/meets/562635-liberty-flames-high-school-invitational-2024/results/990755"
2023-12-09,500m,91.85,Liberty Flames High School Invitational,"raw 1:31.85; 2024 Indoor; 29th Finals; Dec 09, 2023; unit seconds; https://va.milesplit.com/meets/562635-liberty-flames-high-school-invitational-2024/results/990755"
2023-12-09,High Jump,54,Liberty Flames High School Invitational,"raw 4-6; 2024 Indoor; 19th Finals; Dec 09, 2023; unit inches; https://va.milesplit.com/meets/562635-liberty-flames-high-school-invitational-2024/results/990755"
2023-12-09,Long Jump,175.75,Liberty Flames High School Invitational,"raw 14-7.75; 2024 Indoor; 7th Finals; Dec 09, 2023; unit inches; https://va.milesplit.com/meets/562635-liberty-flames-high-school-invitational-2024/results/990755"
2023-12-16,500m,92.30,Grant Holloway Holiday Invitational,"raw 1:32.30; 2024 Indoor; 108th Finals; Dec 16, 2023; unit seconds; https://va.milesplit.com/meets/567505-grant-holloway-holiday-invitational-2024/results/991083"
2023-12-16,High Jump,54,Grant Holloway Holiday Invitational,"raw 4-6; 2024 Indoor; 21st Finals; Dec 16, 2023; unit inches; https://va.milesplit.com/meets/567505-grant-holloway-holiday-invitational-2024/results/991083"
2023-12-16,Long Jump,181.25,Grant Holloway Holiday Invitational,"raw 15-1.25; 2024 Indoor; 22nd Finals; Dec 16, 2023; unit inches; https://va.milesplit.com/meets/567505-grant-holloway-holiday-invitational-2024/results/991083"
2023-12-16,Triple Jump,356,Grant Holloway Holiday Invitational,"raw 29-8; 2024 Indoor; 39th Finals; Dec 16, 2023; unit inches; https://va.milesplit.com/meets/567505-grant-holloway-holiday-invitational-2024/results/991083"
2024-01-05,High Jump,53.25,East Coast Elite VMI Moved to Roanoke College,"raw 4-5.25; 2024 Indoor; 7th Finals; Jan 05, 2024; unit inches; https://va.milesplit.com/meets/579479-east-coast-elite-vmi-moved-to-roanoke-college-2024/results/992233"
2024-01-11,500m,102.12,Brown Dental Polar Bear,"raw 1:42.12; 2024 Indoor; 5th Finals; Jan 11, 2024; unit seconds; https://va.milesplit.com/meets/561859-brown-dental-polar-bear-2024/results/992639"
2024-01-11,Triple Jump,382,Brown Dental Polar Bear,"raw 31-10; 2024 Indoor; 2nd Finals; Jan 11, 2024; unit inches; https://va.milesplit.com/meets/561859-brown-dental-polar-bear-2024/results/992639"
2024-01-24,500m,93.17,Abingdon Polar Bear 4,"raw 1:33.17; 2024 Indoor; 3rd Finals; Jan 24, 2024; unit seconds; https://va.milesplit.com/meets/561860-abingdon-polar-bear-4-2024/results/994075"
2024-01-24,High Jump,52,Abingdon Polar Bear 4,"raw 4-4; 2024 Indoor; 7th Finals; Jan 24, 2024; unit inches; https://va.milesplit.com/meets/561860-abingdon-polar-bear-4-2024/results/994075"
2024-01-24,Long Jump,168,Abingdon Polar Bear 4,"raw 14-0; 2024 Indoor; 6th Finals; Jan 24, 2024; unit inches; https://va.milesplit.com/meets/561860-abingdon-polar-bear-4-2024/results/994075"
2024-01-24,Triple Jump,361.5,Abingdon Polar Bear 4,"raw 30-1.5; 2024 Indoor; 3rd Finals; Jan 24, 2024; unit inches; https://va.milesplit.com/meets/561860-abingdon-polar-bear-4-2024/results/994075"
2024-01-27,500m,93.30,Bulldog Invitational,"raw 1:33.30; 2024 Indoor; 100th Finals; Jan 27, 2024; unit seconds; https://va.milesplit.com/meets/569354-bulldog-invitational-2024/results/994512"
2024-01-27,High Jump,52,Bulldog Invitational,"raw 4-4; 2024 Indoor; 16th Finals; Jan 27, 2024; unit inches; https://va.milesplit.com/meets/569354-bulldog-invitational-2024/results/994512"
2024-01-27,Long Jump,177.25,Bulldog Invitational,"raw 14-9.25; 2024 Indoor; 4th Finals; Jan 27, 2024; unit inches; https://va.milesplit.com/meets/569354-bulldog-invitational-2024/results/994512"
2024-01-27,Triple Jump,360.25,Bulldog Invitational,"raw 30-0.25; 2024 Indoor; 42nd Finals; Jan 27, 2024; unit inches; https://va.milesplit.com/meets/569354-bulldog-invitational-2024/results/994512"
2024-02-03,High Jump,55,East Coast Elite Roanoke #3,"raw 4-7; 2024 Indoor; 11th Finals; Feb 03, 2024; unit inches; https://va.milesplit.com/meets/579506-east-coast-elite-roanoke-3-2024/results/995235"
2024-02-03,Long Jump,184.75,East Coast Elite Roanoke #3,"raw 15-4.75; 2024 Indoor; 6th Finals; Feb 03, 2024; unit inches; https://va.milesplit.com/meets/579506-east-coast-elite-roanoke-3-2024/results/995235"
2024-02-03,Triple Jump,374.75,East Coast Elite Roanoke #3,"raw 31-2.75; 2024 Indoor; 11th Finals; Feb 03, 2024; unit inches; https://va.milesplit.com/meets/579506-east-coast-elite-roanoke-3-2024/results/995235"
2024-02-08,300m,48.02,Blue Ridge CDJR MS/HS Last Chance,"raw 48.02; 2024 Indoor; 8th Finals; Feb 08, 2024; unit seconds; https://va.milesplit.com/meets/561863-blue-ridge-cdjr-mshs-last-chance-2024/results/995993"
2024-02-08,High Jump,54,Blue Ridge CDJR MS/HS Last Chance,"raw 4-6; 2024 Indoor; 6th Finals; Feb 08, 2024; unit inches; https://va.milesplit.com/meets/561863-blue-ridge-cdjr-mshs-last-chance-2024/results/995993"
2024-02-08,Long Jump,184.25,Blue Ridge CDJR MS/HS Last Chance,"raw 15-4.25; 2024 Indoor; 3rd Finals; Feb 08, 2024; unit inches; https://va.milesplit.com/meets/561863-blue-ridge-cdjr-mshs-last-chance-2024/results/995993"
2024-02-08,Triple Jump,364.5,Blue Ridge CDJR MS/HS Last Chance,"raw 30-4.5; 2024 Indoor; 5th Finals; Feb 08, 2024; unit inches; https://va.milesplit.com/meets/561863-blue-ridge-cdjr-mshs-last-chance-2024/results/995993"
2024-02-17,Long Jump,185.5,VHSL Region 3D Championships,"raw 15-5.5; 2024 Indoor; 3rd Finals; Feb 17, 2024; unit inches; https://va.milesplit.com/meets/594219-vhsl-region-3d-championships-2024/results/997647"
2024-02-17,Long Jump,185.5,VHSL Region 3D Indoor Championships,"raw 15-5.5; 2024 Indoor; 3rd Finals; Feb 17, 2024; unit inches; https://va.milesplit.com/meets/586798-vhsl-region-3d-indoor-championships-2024/results/997369"
2024-02-17,Triple Jump,361.75,VHSL Region 3D Championships,"raw 30-1.75; 2024 Indoor; 7th Finals; Feb 17, 2024; unit inches; https://va.milesplit.com/meets/594219-vhsl-region-3d-championships-2024/results/997647"
2024-02-17,Triple Jump,361.75,VHSL Region 3D Indoor Championships,"raw 30-1.75; 2024 Indoor; 7th Finals; Feb 17, 2024; unit inches; https://va.milesplit.com/meets/586798-vhsl-region-3d-indoor-championships-2024/results/997369"
2024-02-26,Long Jump,180,VHSL Class 3 State Indoor Championships,"raw 15-0; 2024 Indoor; 15th Finals; Feb 26-27, 2024; unit inches; https://va.milesplit.com/meets/587944-vhsl-class-3-state-indoor-championships-2024/results/999369"
2024-03-23,300H,57.27,Bearcat HS Invitational,"raw 57.27; 2024 Outdoor; 4th Finals; Mar 23, 2024; unit seconds; https://va.milesplit.com/meets/562699-bearcat-hs-invitational-2024/results/1010291"
2024-03-23,High Jump,50,Bearcat HS Invitational,"raw 4-2; 2024 Outdoor; 11th Finals; Mar 23, 2024; unit inches; https://va.milesplit.com/meets/562699-bearcat-hs-invitational-2024/results/1010291"
2024-03-23,Long Jump,186.5,Bearcat HS Invitational,"raw 15-6.5; 2024 Outdoor; 1st Finals; Mar 23, 2024; unit inches; https://va.milesplit.com/meets/562699-bearcat-hs-invitational-2024/results/1010291"
2024-03-23,Triple Jump,362,Bearcat HS Invitational,"raw 30-2; 2024 Outdoor; 6th Finals; Mar 23, 2024; unit inches; https://va.milesplit.com/meets/562699-bearcat-hs-invitational-2024/results/1010291"
2024-03-29,300H,54.38,Hardin Valley Invitational,"raw 54.38; 2024 Outdoor; 20th Finals; Mar 29-30, 2024; unit seconds; https://va.milesplit.com/meets/565386-hardin-valley-invitational-2024/results/1014337"
2024-03-29,High Jump,52,Hardin Valley Invitational,"raw 4-4; 2024 Outdoor; 18th Finals; Mar 29-30, 2024; unit inches; https://va.milesplit.com/meets/565386-hardin-valley-invitational-2024/results/1014337"
2024-03-29,Long Jump,176.5,Hardin Valley Invitational,"raw 14-8.5; 2024 Outdoor; 12th Finals; Mar 29-30, 2024; unit inches; https://va.milesplit.com/meets/565386-hardin-valley-invitational-2024/results/1014337"
2024-03-29,Triple Jump,377.25,Hardin Valley Invitational,"raw 31-5.25; 2024 Outdoor; 11th Finals; Mar 29-30, 2024; unit inches; https://va.milesplit.com/meets/565386-hardin-valley-invitational-2024/results/1014337"
2024-04-08,300H,53.71,Judy Thomas Invitational,"raw 53.71; 2024 Outdoor; 2nd Finals; Apr 08, 2024; unit seconds; https://va.milesplit.com/meets/581986-judy-thomas-invitational-2024/results/1019105"
2024-04-08,Long Jump,177.5,Judy Thomas Invitational,"raw 14-9.5; 2024 Outdoor; 6th Finals; Apr 08, 2024; unit inches; https://va.milesplit.com/meets/581986-judy-thomas-invitational-2024/results/1019105"
2024-04-08,Triple Jump,350.75,Judy Thomas Invitational,"raw 29-2.75; 2024 Outdoor; 11th Finals; Apr 08, 2024; unit inches; https://va.milesplit.com/meets/581986-judy-thomas-invitational-2024/results/1019105"
2024-04-10,300H,53.81,Food City Track Classic,"raw 53.81; 2024 Outdoor; 3rd Finals; Apr 10, 2024; unit seconds; https://va.milesplit.com/meets/551258-food-city-track-classic-2024/results/1021028"
2024-04-10,High Jump,50,Food City Track Classic,"raw 4-2; 2024 Outdoor; 5th Finals; Apr 10, 2024; unit inches; https://va.milesplit.com/meets/551258-food-city-track-classic-2024/results/1021028"
2024-04-10,Long Jump,184,Food City Track Classic,"raw 15-4; 2024 Outdoor; 6th Finals; Apr 10, 2024; unit inches; https://va.milesplit.com/meets/551258-food-city-track-classic-2024/results/1021028"
2024-04-10,Triple Jump,368,Food City Track Classic,"raw 30-8; 2024 Outdoor; 6th Finals; Apr 10, 2024; unit inches; https://va.milesplit.com/meets/551258-food-city-track-classic-2024/results/1021028"
2024-04-13,300H,55.04,Frank Carver Invitational,"raw 55.04; 2024 Outdoor; 18th Finals; Apr 13, 2024; unit seconds; https://va.milesplit.com/meets/581267-frank-carver-invitational-2024/results/1025337"
2024-04-13,Long Jump,190,Frank Carver Invitational,"raw 15-10; 2024 Outdoor; 3rd Finals; Apr 13, 2024; unit inches; https://va.milesplit.com/meets/581267-frank-carver-invitational-2024/results/1025337"
2024-04-13,Triple Jump,371.25,Frank Carver Invitational,"raw 30-11.25; 2024 Outdoor; 8th Finals; Apr 13, 2024; unit inches; https://va.milesplit.com/meets/581267-frank-carver-invitational-2024/results/1025337"
2024-04-20,100m,14.01,Grasshoppers LLC Abingdon Invitational,"raw 14.01; 2024 Outdoor; 14th Finals; Apr 20, 2024; unit seconds; https://va.milesplit.com/meets/551260-grasshoppers-llc-abingdon-invitational-2024/results/1033055"
2024-04-20,300H,53.40,Grasshoppers LLC Abingdon Invitational,"raw 53.40; 2024 Outdoor; 6th Finals; Apr 20, 2024; unit seconds; https://va.milesplit.com/meets/551260-grasshoppers-llc-abingdon-invitational-2024/results/1033055"
2024-04-20,Long Jump,190,Grasshoppers LLC Abingdon Invitational,"raw 15-10; 2024 Outdoor; 4th Finals; Apr 20, 2024; unit inches; https://va.milesplit.com/meets/551260-grasshoppers-llc-abingdon-invitational-2024/results/1033055"
2024-04-20,Triple Jump,384,Grasshoppers LLC Abingdon Invitational,"raw 32-0; 2024 Outdoor; 7th Finals; Apr 20, 2024; unit inches; https://va.milesplit.com/meets/551260-grasshoppers-llc-abingdon-invitational-2024/results/1033055"
2024-05-01,300H,53.89,Rebel Last Chance Meet,"raw 53.89; 2024 Outdoor; 4th Finals; May 01, 2024; unit seconds; https://va.milesplit.com/meets/582098-rebel-last-chance-meet-2024/results/1042511"
2024-05-01,High Jump,52,Rebel Last Chance Meet,"raw 4-4; 2024 Outdoor; 7th Finals; May 01, 2024; unit inches; https://va.milesplit.com/meets/582098-rebel-last-chance-meet-2024/results/1042511"
2024-05-01,Long Jump,181.75,Rebel Last Chance Meet,"raw 15-1.75; 2024 Outdoor; 9th Finals; May 01, 2024; unit inches; https://va.milesplit.com/meets/582098-rebel-last-chance-meet-2024/results/1042511"
2024-05-01,Triple Jump,371,Rebel Last Chance Meet,"raw 30-11; 2024 Outdoor; 5th Finals; May 01, 2024; unit inches; https://va.milesplit.com/meets/582098-rebel-last-chance-meet-2024/results/1042511"
2024-05-04,300H,53.33,2024 Texas Roadhouse / DCTC Relays,"raw 53.33; 2024 Outdoor; 7th Finals; May 04, 2024; unit seconds; https://va.milesplit.com/meets/589512-2024-texas-roadhouse-dctc-relays-2024/results/1045365"
2024-05-04,Long Jump,192.75,2024 Texas Roadhouse / DCTC Relays,"raw 16-0.75; 2024 Outdoor; 4th Finals; May 04, 2024; unit inches; https://va.milesplit.com/meets/589512-2024-texas-roadhouse-dctc-relays-2024/results/1045365"
2024-05-04,Triple Jump,371.25,2024 Texas Roadhouse / DCTC Relays,"raw 30-11.25; 2024 Outdoor; 7th Finals; May 04, 2024; unit inches; https://va.milesplit.com/meets/589512-2024-texas-roadhouse-dctc-relays-2024/results/1045365"
2024-05-11,300H,52.02,Blue Demon Invitational,"raw 52.02; 2024 Outdoor; 13th Finals; May 11, 2024; unit seconds; https://va.milesplit.com/meets/593703-blue-demon-invitational-2024/results/1049772"
2024-05-11,High Jump,52,Blue Demon Invitational,"raw 4-4; 2024 Outdoor; 16th Finals; May 11, 2024; unit inches; https://va.milesplit.com/meets/593703-blue-demon-invitational-2024/results/1049772"
2024-05-11,Long Jump,188.25,Blue Demon Invitational,"raw 15-8.25; 2024 Outdoor; 15th Finals; May 11, 2024; unit inches; https://va.milesplit.com/meets/593703-blue-demon-invitational-2024/results/1049772"
2024-05-11,Triple Jump,383,Blue Demon Invitational,"raw 31-11; 2024 Outdoor; 16th Finals; May 11, 2024; unit inches; https://va.milesplit.com/meets/593703-blue-demon-invitational-2024/results/1049772"
2024-05-15,300H,53.19,Mountain 7 District Championships,"raw 53.19; 2024 Outdoor; 6th Finals; May 15, 2024; unit seconds; https://va.milesplit.com/meets/583422-mountain-7-district-championships-2024/results/1051389"
2024-05-15,High Jump,50,Mountain 7 District Championships,"raw 4-2; 2024 Outdoor; 8th Finals; May 15, 2024; unit inches; https://va.milesplit.com/meets/583422-mountain-7-district-championships-2024/results/1051389"
2024-05-15,Long Jump,188.75,Mountain 7 District Championships,"raw 15-8.75w; 2024 Outdoor; 5th Finals; May 15, 2024; unit inches; https://va.milesplit.com/meets/583422-mountain-7-district-championships-2024/results/1051389"
2024-05-15,Triple Jump,385.25,Mountain 7 District Championships,"raw 32-1.25w; 2024 Outdoor; 7th Finals; May 15, 2024; unit inches; https://va.milesplit.com/meets/583422-mountain-7-district-championships-2024/results/1051389"
2024-05-23,300H,52.80,VHSL Region 3D Championships,"raw 52.80; 2024 Outdoor; 6th Finals; May 23, 2024; unit seconds; https://va.milesplit.com/meets/593549-vhsl-region-3d-championships-2024/results/1053926"
2024-05-23,Long Jump,187.75,VHSL Region 3D Championships,"raw 15-7.75; 2024 Outdoor; 4th Finals; May 23, 2024; unit inches; https://va.milesplit.com/meets/593549-vhsl-region-3d-championships-2024/results/1053926"
2024-05-23,Triple Jump,378.25,VHSL Region 3D Championships,"raw 31-6.25; 2024 Outdoor; 8th Finals; May 23, 2024; unit inches; https://va.milesplit.com/meets/593549-vhsl-region-3d-championships-2024/results/1053926"
2024-05-31,Long Jump,185.25,VHSL Class 3 State Championships,"raw 15-5.25; 2024 Outdoor; 20th Finals; May 31 - Jun 01, 2024; unit inches; https://va.milesplit.com/meets/598436-vhsl-class-3-state-championships-2024/results/1054947"
2024-06-22,100H,21.23,AAU Southeastern District Qualifier,"raw 21.23; 2024 Outdoor; 8th Finals; Jun 22, 2024; unit seconds; https://va.milesplit.com/meets/625620-aau-southeastern-district-qualifier-2024/results/1057697"
2024-06-22,400H,79.79,AAU Southeastern District Qualifier,"raw 1:19.79; 2024 Outdoor; 5th Finals; Jun 22, 2024; unit seconds; https://va.milesplit.com/meets/625620-aau-southeastern-district-qualifier-2024/results/1057697"
2024-06-22,Long Jump,184.25,AAU Southeastern District Qualifier,"raw 15-4.25; 2024 Outdoor; 3rd Finals; Jun 22, 2024; unit inches; https://va.milesplit.com/meets/625620-aau-southeastern-district-qualifier-2024/results/1057697"
2024-06-22,Triple Jump,390.75,AAU Southeastern District Qualifier,"raw 32-6.75; 2024 Outdoor; 1st Finals; Jun 22, 2024; unit inches; https://va.milesplit.com/meets/625620-aau-southeastern-district-qualifier-2024/results/1057697"
2024-06-26,400H,80.82,AAU Region 6 Qualifier,"raw 1:20.82; 2024 Outdoor; 12th Finals; Jun 26-29, 2024; unit seconds; https://va.milesplit.com/meets/625411-aau-region-6-qualifier-2024/results/1058301"
2024-12-07,300m,47.37,Liberty Flames High School Invitational,"raw 47.37; 2025 Indoor; 115th Finals; Dec 07, 2024; unit seconds; https://va.milesplit.com/meets/626725-liberty-flames-high-school-invitational-2025/results/1109243"
2024-12-07,Long Jump,185,Liberty Flames High School Invitational,"raw 15-5; 2025 Indoor; 14th Finals; Dec 07, 2024; unit inches; https://va.milesplit.com/meets/626725-liberty-flames-high-school-invitational-2025/results/1109243"
2024-12-07,Shot Put,312.5,Liberty Flames High School Invitational,"raw 26-0.5; 2025 Indoor; 32nd Finals; Dec 07, 2024; unit inches; https://va.milesplit.com/meets/626725-liberty-flames-high-school-invitational-2025/results/1109243"
2024-12-07,Triple Jump,379.5,Liberty Flames High School Invitational,"raw 31-7.5; 2025 Indoor; 19th Finals; Dec 07, 2024; unit inches; https://va.milesplit.com/meets/626725-liberty-flames-high-school-invitational-2025/results/1109243"
2024-12-14,300m,47.04,Liberty Christmas High School Invitational,"raw 47.04; 2025 Indoor; 141st Finals; Dec 14, 2024; unit seconds; https://va.milesplit.com/meets/626726-liberty-christmas-high-school-invitational-2025/results/1109784"
2024-12-14,Long Jump,192,Liberty Christmas High School Invitational,"raw 16-0; 2025 Indoor; 4th Finals; Dec 14, 2024; unit inches; https://va.milesplit.com/meets/626726-liberty-christmas-high-school-invitational-2025/results/1109784"
2024-12-14,Shot Put,340,Liberty Christmas High School Invitational,"raw 28-4; 2025 Indoor; 14th Finals; Dec 14, 2024; unit inches; https://va.milesplit.com/meets/626726-liberty-christmas-high-school-invitational-2025/results/1109784"
2024-12-14,Triple Jump,394.75,Liberty Christmas High School Invitational,"raw 32-10.75; 2025 Indoor; 24th Finals; Dec 14, 2024; unit inches; https://va.milesplit.com/meets/626726-liberty-christmas-high-school-invitational-2025/results/1109784"
2025-01-04,Long Jump,191,East Coast Elite VMI,"raw 15-11; 2025 Indoor; 6th Finals; Jan 04, 2025; unit inches; https://va.milesplit.com/meets/627399-east-coast-elite-vmi-2025/results/1110825"
2025-01-04,Shot Put,362.25,East Coast Elite VMI,"raw 30-2.25; 2025 Indoor; 8th Finals; Jan 04, 2025; unit inches; https://va.milesplit.com/meets/627399-east-coast-elite-vmi-2025/results/1110825"
2025-01-04,Triple Jump,401.25,East Coast Elite VMI,"raw 33-5.25; 2025 Indoor; 3rd Finals; Jan 04, 2025; unit inches; https://va.milesplit.com/meets/627399-east-coast-elite-vmi-2025/results/1110825"
2025-01-11,Long Jump,185.75,Liberty Premier Invitational,"raw 15-5.75; 2025 Indoor; 10th Finals; Jan 11, 2025; unit inches; https://va.milesplit.com/meets/626727-liberty-premier-invitational-2025/results/1111281"
2025-01-11,Shot Put,366.25,Liberty Premier Invitational,"raw 30-6.25; 2025 Indoor; 4th Finals; Jan 11, 2025; unit inches; https://va.milesplit.com/meets/626727-liberty-premier-invitational-2025/results/1111281"
2025-01-11,Triple Jump,394.5,Liberty Premier Invitational,"raw 32-10.5; 2025 Indoor; 5th Finals; Jan 11, 2025; unit inches; https://va.milesplit.com/meets/626727-liberty-premier-invitational-2025/results/1111281"
2025-01-17,Long Jump,203.25,The VA Showcase,"raw 16-11.25; 2025 Indoor; 24th Finals; Jan 17-19, 2025; unit inches; https://va.milesplit.com/meets/592932-the-va-showcase-2025/results/1112223"
2025-01-17,Shot Put,367.5,The VA Showcase,"raw 30-7.5; 2025 Indoor; 28th Finals; Jan 17-19, 2025; unit inches; https://va.milesplit.com/meets/592932-the-va-showcase-2025/results/1112253"
2025-01-17,Triple Jump,398.25,The VA Showcase,"raw 33-2.25; 2025 Indoor; 38th Finals; Jan 17-19, 2025; unit inches; https://va.milesplit.com/meets/592932-the-va-showcase-2025/results/1111905"
2025-01-23,Long Jump,197.75,East Coast Elite Roanoke #4,"raw 16-5.75; 2025 Indoor; 3rd Finals; Jan 23, 2025; unit inches; https://va.milesplit.com/meets/627397-east-coast-elite-roanoke-4-2025/results/1112647"
2025-01-23,Shot Put,378.75,East Coast Elite Roanoke #4,"raw 31-6.75; 2025 Indoor; 8th Finals; Jan 23, 2025; unit inches; https://va.milesplit.com/meets/627397-east-coast-elite-roanoke-4-2025/results/1112647"
2025-01-23,Triple Jump,398.5,East Coast Elite Roanoke #4,"raw 33-2.5; 2025 Indoor; 8th Finals; Jan 23, 2025; unit inches; https://va.milesplit.com/meets/627397-east-coast-elite-roanoke-4-2025/results/1112647"
2025-02-01,Long Jump,193.5,Bulldog Invitational,"raw 16-1.5; 2025 Indoor; 13th Finals; Feb 01, 2025; unit inches; https://va.milesplit.com/meets/645576-bulldog-invitational-2025"
2025-02-01,Shot Put,349,Bulldog Invitational,"raw 29-1; 2025 Indoor; 11th Finals; Feb 01, 2025; unit inches; https://va.milesplit.com/meets/645576-bulldog-invitational-2025"
2025-02-01,Triple Jump,402.25,Bulldog Invitational,"raw 33-6.25; 2025 Indoor; 10th Finals; Feb 01, 2025; unit inches; https://va.milesplit.com/meets/645576-bulldog-invitational-2025"
2025-02-05,Long Jump,202,AHS MS/HS Polar Bear,"raw 16-10; 2025 Indoor; 1st Finals; Feb 05, 2025; unit inches; https://va.milesplit.com/meets/625311-ahs-mshs-polar-bear-2025/results/1114218"
2025-02-05,Shot Put,375.5,AHS MS/HS Polar Bear,"raw 31-3.5; 2025 Indoor; 3rd Finals; Feb 05, 2025; unit inches; https://va.milesplit.com/meets/625311-ahs-mshs-polar-bear-2025/results/1114218"
2025-02-05,Triple Jump,412.25,AHS MS/HS Polar Bear,"raw 34-4.25; 2025 Indoor; 1st Finals; Feb 05, 2025; unit inches; https://va.milesplit.com/meets/625311-ahs-mshs-polar-bear-2025/results/1114218"
2025-02-07,Long Jump,198,The 62nd East Coast Invitational,"raw 16-6; 2025 Indoor; 8th Finals; Feb 07-08, 2025; unit inches; https://va.milesplit.com/meets/592931-the-62nd-east-coast-invitational-2025/results/1114663"
2025-02-07,Shot Put,402.75,The 62nd East Coast Invitational,"raw 33-6.75; 2025 Indoor; 9th Finals; Feb 07-08, 2025; unit inches; https://va.milesplit.com/meets/592931-the-62nd-east-coast-invitational-2025/results/1114663"
2025-02-07,Triple Jump,395,The 62nd East Coast Invitational,"raw 32-11; 2025 Indoor; 10th Finals; Feb 07-08, 2025; unit inches; https://va.milesplit.com/meets/592931-the-62nd-east-coast-invitational-2025/results/1114663"
2025-02-22,Long Jump,201,VHSL Region 3D Indoor Championships,"raw 16-9; 2025 Indoor; 1st Finals; Feb 22, 2025; unit inches; https://va.milesplit.com/meets/654372-vhsl-region-3d-indoor-championships-2025/results/1116515"
2025-02-22,Shot Put,379,VHSL Region 3D Indoor Championships,"raw 31-7; 2025 Indoor; 3rd Finals; Feb 22, 2025; unit inches; https://va.milesplit.com/meets/654372-vhsl-region-3d-indoor-championships-2025/results/1116515"
2025-02-22,Triple Jump,402.5,VHSL Region 3D Indoor Championships,"raw 33-6.5; 2025 Indoor; 4th Finals; Feb 22, 2025; unit inches; https://va.milesplit.com/meets/654372-vhsl-region-3d-indoor-championships-2025/results/1116515"
2025-03-03,Long Jump,209.75,VHSL Class 3 State Indoor Championships,"raw 17-5.75; 2025 Indoor; 2nd Finals; Mar 03-04, 2025; unit inches; https://va.milesplit.com/meets/651943-vhsl-class-3-state-indoor-championships-2025/results/1118872"
2025-03-03,Shot Put,384,VHSL Class 3 State Indoor Championships,"raw 32-0; 2025 Indoor; 7th Finals; Mar 03-04, 2025; unit inches; https://va.milesplit.com/meets/651943-vhsl-class-3-state-indoor-championships-2025/results/1118872"
2025-03-03,Triple Jump,397.5,VHSL Class 3 State Indoor Championships,"raw 33-1.5; 2025 Indoor; 18th Finals; Mar 03-04, 2025; unit inches; https://va.milesplit.com/meets/651943-vhsl-class-3-state-indoor-championships-2025/results/1118872"
2025-03-07,200m,27.90,AAU Indoor Nationals,"raw 27.90; 2025 Indoor; 20th Prelims; Mar 07-09, 2025; unit seconds; https://va.milesplit.com/meets/669061-aau-indoor-nationals-2025/results/1121041"
2025-03-07,Long Jump,201.25,AAU Indoor Nationals,"raw 16-9.25; 2025 Indoor; 6th Finals; Mar 07-09, 2025; unit inches; https://va.milesplit.com/meets/669061-aau-indoor-nationals-2025/results/1121041"
2025-03-07,Shot Put,383.75,AAU Indoor Nationals,"raw 31-11.75; 2025 Indoor; 4th Finals; Mar 07-09, 2025; unit inches; https://va.milesplit.com/meets/669061-aau-indoor-nationals-2025/results/1121041"
2025-03-07,Triple Jump,385.75,AAU Indoor Nationals,"raw 32-1.75; 2025 Indoor; 13th Finals; Mar 07-09, 2025; unit inches; https://va.milesplit.com/meets/669061-aau-indoor-nationals-2025/results/1121041"
2025-03-29,100m,12.91,Wampler's Insurance Abingdon Invitational,"raw 12.91; 2025 Outdoor; 4th Finals; Mar 29, 2025; unit seconds; https://va.milesplit.com/meets/626912-wamplers-insurance-abingdon-invitational-2025/results/1134419"
2025-03-29,300H,51.95,Wampler's Insurance Abingdon Invitational,"raw 51.95; 2025 Outdoor; 3rd Finals; Mar 29, 2025; unit seconds; https://va.milesplit.com/meets/626912-wamplers-insurance-abingdon-invitational-2025/results/1134419"
2025-03-29,Discus,1131,Wampler's Insurance Abingdon Invitational,"raw 94-3; 2025 Outdoor; 8th Finals; Mar 29, 2025; unit inches; https://va.milesplit.com/meets/626912-wamplers-insurance-abingdon-invitational-2025/results/1134419"
2025-03-29,Long Jump,202.5,Wampler's Insurance Abingdon Invitational,"raw 16-10.5; 2025 Outdoor; 1st Finals; Mar 29, 2025; unit inches; https://va.milesplit.com/meets/626912-wamplers-insurance-abingdon-invitational-2025/results/1134419"
2025-03-29,Shot Put,411.75,Wampler's Insurance Abingdon Invitational,"raw 34-3.75; 2025 Outdoor; 2nd Finals; Mar 29, 2025; unit inches; https://va.milesplit.com/meets/626912-wamplers-insurance-abingdon-invitational-2025/results/1134419"
2025-03-29,Triple Jump,402.25,Wampler's Insurance Abingdon Invitational,"raw 33-6.25; 2025 Outdoor; 5th Finals; Mar 29, 2025; unit inches; https://va.milesplit.com/meets/626912-wamplers-insurance-abingdon-invitational-2025/results/1134419"
2025-04-04,100H,19.45,The 30th Annual Judy Thomas Washington County Farm Bureau Invit,"raw 19.45; 2025 Outdoor; 7th Finals; Apr 04, 2025; unit seconds; https://va.milesplit.com/meets/635688-the-30th-annual-judy-thomas-washington-county-farm-bureau-invit-2025/results/1139001"
2025-04-04,200m,27.21,The 30th Annual Judy Thomas Washington County Farm Bureau Invit,"raw 27.21; 2025 Outdoor; 3rd Finals; Apr 04, 2025; unit seconds; https://va.milesplit.com/meets/635688-the-30th-annual-judy-thomas-washington-county-farm-bureau-invit-2025/results/1139001"
2025-04-04,Discus,1136,The 30th Annual Judy Thomas Washington County Farm Bureau Invit,"raw 94-8; 2025 Outdoor; 7th Finals; Apr 04, 2025; unit inches; https://va.milesplit.com/meets/635688-the-30th-annual-judy-thomas-washington-county-farm-bureau-invit-2025/results/1139001"
2025-04-04,Shot Put,411.5,The 30th Annual Judy Thomas Washington County Farm Bureau Invit,"raw 34-3.5; 2025 Outdoor; 2nd Finals; Apr 04, 2025; unit inches; https://va.milesplit.com/meets/635688-the-30th-annual-judy-thomas-washington-county-farm-bureau-invit-2025/results/1139001"
2025-04-05,100m,12.99,App State High School Meet,"raw 12.99; 2025 Outdoor; 9th Finals; Apr 05, 2025; unit seconds; https://va.milesplit.com/meets/629094-app-state-high-school-meet-2025/results/1138054"
2025-04-05,300H,49.69,App State High School Meet,"raw 49.69; 2025 Outdoor; 6th Finals; Apr 05, 2025; unit seconds; https://va.milesplit.com/meets/629094-app-state-high-school-meet-2025/results/1138054"
2025-04-05,Long Jump,199,App State High School Meet,"raw 16-7; 2025 Outdoor; 4th Finals; Apr 05, 2025; unit inches; https://va.milesplit.com/meets/629094-app-state-high-school-meet-2025/results/1138054"
2025-04-05,Triple Jump,409.5,App State High School Meet,"raw 34-1.5; 2025 Outdoor; 4th Finals; Apr 05, 2025; unit inches; https://va.milesplit.com/meets/629094-app-state-high-school-meet-2025/results/1138054"
2025-04-09,100m,12.95,Food City Track Classic,"raw 12.95; 2025 Outdoor; 2nd Finals; Apr 09, 2025; unit seconds; https://va.milesplit.com/meets/626914-food-city-track-classic-2025/results/1141475"
2025-04-09,300H,50.44,Food City Track Classic,"raw 50.44; 2025 Outdoor; 1st Finals; Apr 09, 2025; unit seconds; https://va.milesplit.com/meets/626914-food-city-track-classic-2025/results/1141475"
2025-04-09,Discus,1120,Food City Track Classic,"raw 93-4; 2025 Outdoor; 6th Finals; Apr 09, 2025; unit inches; https://va.milesplit.com/meets/626914-food-city-track-classic-2025/results/1141475"
2025-04-09,Long Jump,202.75,Food City Track Classic,"raw 16-10.75; 2025 Outdoor; 1st Finals; Apr 09, 2025; unit inches; https://va.milesplit.com/meets/626914-food-city-track-classic-2025/results/1141475"
2025-04-09,Shot Put,417.75,Food City Track Classic,"raw 34-9.75; 2025 Outdoor; 3rd Finals; Apr 09, 2025; unit inches; https://va.milesplit.com/meets/626914-food-city-track-classic-2025/results/1141475"
2025-04-09,Triple Jump,391.5,Food City Track Classic,"raw 32-7.5; 2025 Outdoor; 2nd Finals; Apr 09, 2025; unit inches; https://va.milesplit.com/meets/626914-food-city-track-classic-2025/results/1141475"
2025-04-11,Discus,1090,All American Track Classic,"raw 90-10; 2025 Outdoor; 30th Finals; Apr 11-12, 2025; unit inches; https://va.milesplit.com/meets/596315-all-american-track-classic-2025/results/1146073"
2025-04-11,Long Jump,203,All American Track Classic,"raw 16-11; 2025 Outdoor; 17th Finals; Apr 11-12, 2025; unit inches; https://va.milesplit.com/meets/596315-all-american-track-classic-2025/results/1146073"
2025-04-11,Shot Put,411,All American Track Classic,"raw 34-3; 2025 Outdoor; 19th Finals; Apr 11-12, 2025; unit inches; https://va.milesplit.com/meets/596315-all-american-track-classic-2025/results/1146073"
2025-04-11,Triple Jump,352.5,All American Track Classic,"raw 29-4.5; 2025 Outdoor; 69th Finals; Apr 11-12, 2025; unit inches; https://va.milesplit.com/meets/596315-all-american-track-classic-2025/results/1146073"
2025-04-18,300H,49.58,Volunteer Track Classic,"raw 49.58; 2025 Outdoor; 20th Finals; Apr 18-19, 2025; unit seconds; https://va.milesplit.com/meets/648651-volunteer-track-classic-2025/results/1153491"
2025-04-18,Long Jump,203.25,Volunteer Track Classic,"raw 16-11.25; 2025 Outdoor; 7th Finals; Apr 18-19, 2025; unit inches; https://va.milesplit.com/meets/648651-volunteer-track-classic-2025/results/1153491"
2025-04-18,Shot Put,418.25,Volunteer Track Classic,"raw 34-10.25; 2025 Outdoor; 9th Finals; Apr 18-19, 2025; unit inches; https://va.milesplit.com/meets/648651-volunteer-track-classic-2025/results/1153491"
2025-04-18,Triple Jump,386.5,Volunteer Track Classic,"raw 32-2.5; 2025 Outdoor; 14th Finals; Apr 18-19, 2025; unit inches; https://va.milesplit.com/meets/648651-volunteer-track-classic-2025/results/1153491"
2025-04-25,100m,13.15,Trojan Timing Classic,"raw 13.15; 2025 Outdoor; 11th Finals; Apr 25, 2025; unit seconds; https://va.milesplit.com/meets/619356-trojan-timing-classic-2025/results/1158045"
2025-04-25,300H,50.77,Trojan Timing Classic,"raw 50.77; 2025 Outdoor; 12th Finals; Apr 25, 2025; unit seconds; https://va.milesplit.com/meets/619356-trojan-timing-classic-2025/results/1158045"
2025-04-25,Long Jump,201.75,Trojan Timing Classic,"raw 16-9.75; 2025 Outdoor; 4th Finals; Apr 25, 2025; unit inches; https://va.milesplit.com/meets/619356-trojan-timing-classic-2025/results/1158045"
2025-04-25,Shot Put,426,Trojan Timing Classic,"raw 35-6; 2025 Outdoor; 1st Finals; Apr 25, 2025; unit inches; https://va.milesplit.com/meets/619356-trojan-timing-classic-2025/results/1158045"
2025-05-07,100m,13.35,The Polished Diamond Spa Rebel Last Chance Meet,"raw 13.35; 2025 Outdoor; 4th Finals; May 07, 2025; unit seconds; https://va.milesplit.com/meets/649351-the-polished-diamond-spa-rebel-last-chance-meet-2025/results/1169487"
2025-05-07,200m,27.12,The Polished Diamond Spa Rebel Last Chance Meet,"raw 27.12; 2025 Outdoor; 3rd Finals; May 07, 2025; unit seconds; https://va.milesplit.com/meets/649351-the-polished-diamond-spa-rebel-last-chance-meet-2025/results/1169487"
2025-05-07,Discus,1372,The Polished Diamond Spa Rebel Last Chance Meet,"raw 114-4; 2025 Outdoor; 2nd Finals; May 07, 2025; unit inches; https://va.milesplit.com/meets/649351-the-polished-diamond-spa-rebel-last-chance-meet-2025/results/1169487"
2025-05-07,Shot Put,418,The Polished Diamond Spa Rebel Last Chance Meet,"raw 34-10; 2025 Outdoor; 2nd Finals; May 07, 2025; unit inches; https://va.milesplit.com/meets/649351-the-polished-diamond-spa-rebel-last-chance-meet-2025/results/1169487"
2025-05-07,Triple Jump,368,The Polished Diamond Spa Rebel Last Chance Meet,"raw 30-8; 2025 Outdoor; 5th Finals; May 07, 2025; unit inches; https://va.milesplit.com/meets/649351-the-polished-diamond-spa-rebel-last-chance-meet-2025/results/1169487"
2025-05-10,100m,13.47,Blue Demon Invitational,"raw 13.47; 2025 Outdoor; 17th Finals; May 10, 2025; unit seconds; https://va.milesplit.com/meets/627401-blue-demon-invitational-2025/results/1171787"
2025-05-10,300H,48.91,Blue Demon Invitational,"raw 48.91; 2025 Outdoor; 5th Finals; May 10, 2025; unit seconds; https://va.milesplit.com/meets/627401-blue-demon-invitational-2025/results/1171787"
2025-05-10,Discus,1227.5,Blue Demon Invitational,"raw 102-3.5; 2025 Outdoor; 5th Finals; May 10, 2025; unit inches; https://va.milesplit.com/meets/627401-blue-demon-invitational-2025/results/1171787"
2025-05-10,Long Jump,195,Blue Demon Invitational,"raw 16-3; 2025 Outdoor; 4th Finals; May 10, 2025; unit inches; https://va.milesplit.com/meets/627401-blue-demon-invitational-2025/results/1171787"
2025-05-10,Shot Put,418,Blue Demon Invitational,"raw 34-10; 2025 Outdoor; 3rd Finals; May 10, 2025; unit inches; https://va.milesplit.com/meets/627401-blue-demon-invitational-2025/results/1171787"
2025-05-10,Triple Jump,379.5,Blue Demon Invitational,"raw 31-7.5; 2025 Outdoor; 9th Finals; May 10, 2025; unit inches; https://va.milesplit.com/meets/627401-blue-demon-invitational-2025/results/1171787"
2025-05-14,100m,13.22,Abingdon Last Chance,"raw 13.22; 2025 Outdoor; 4th Finals; May 14, 2025; unit seconds; https://va.milesplit.com/meets/626915-abingdon-last-chance-2025/results/1174593"
2025-05-14,200m,27.17,Abingdon Last Chance,"raw 27.17; 2025 Outdoor; 2nd Finals; May 14, 2025; unit seconds; https://va.milesplit.com/meets/626915-abingdon-last-chance-2025/results/1174593"
2025-05-14,Discus,1306,Abingdon Last Chance,"raw 108-10; 2025 Outdoor; 2nd Finals; May 14, 2025; unit inches; https://va.milesplit.com/meets/626915-abingdon-last-chance-2025/results/1174593"
2025-05-14,Long Jump,192.25,Abingdon Last Chance,"raw 16-0.25; 2025 Outdoor; 3rd Finals; May 14, 2025; unit inches; https://va.milesplit.com/meets/626915-abingdon-last-chance-2025/results/1174593"
2025-05-14,Shot Put,411,Abingdon Last Chance,"raw 34-3; 2025 Outdoor; 2nd Finals; May 14, 2025; unit inches; https://va.milesplit.com/meets/626915-abingdon-last-chance-2025/results/1174593"
2025-05-14,Triple Jump,376.5,Abingdon Last Chance,"raw 31-4.5; 2025 Outdoor; 4th Finals; May 14, 2025; unit inches; https://va.milesplit.com/meets/626915-abingdon-last-chance-2025/results/1174593"
2025-05-21,100m,13.09,Mountain 7 District Championships,"raw 13.09; 2025 Outdoor; 5th Finals; May 21, 2025; unit seconds; https://va.milesplit.com/meets/633751-mountain-7-district-championships-2025/results/1179087"
2025-05-21,300H,50.35,Mountain 7 District Championships,"raw 50.35; 2025 Outdoor; 3rd Finals; May 21, 2025; unit seconds; https://va.milesplit.com/meets/633751-mountain-7-district-championships-2025/results/1179087"
2025-05-21,Discus,1307,Mountain 7 District Championships,"raw 108-11; 2025 Outdoor; 3rd Finals; May 21, 2025; unit inches; https://va.milesplit.com/meets/633751-mountain-7-district-championships-2025/results/1179087"
2025-05-21,Long Jump,193,Mountain 7 District Championships,"raw 16-1; 2025 Outdoor; 2nd Finals; May 21, 2025; unit inches; https://va.milesplit.com/meets/633751-mountain-7-district-championships-2025/results/1179087"
2025-05-21,Shot Put,415,Mountain 7 District Championships,"raw 34-7; 2025 Outdoor; 3rd Finals; May 21, 2025; unit inches; https://va.milesplit.com/meets/633751-mountain-7-district-championships-2025/results/1179087"
2025-05-21,Triple Jump,372,Mountain 7 District Championships,"raw 31-0; 2025 Outdoor; 5th Finals; May 21, 2025; unit inches; https://va.milesplit.com/meets/633751-mountain-7-district-championships-2025/results/1179087"
2025-05-29,300H,49.41,Region 3D Track & Field Championships,"raw 49.41; 2025 Outdoor; 3rd Finals; May 29, 2025; unit seconds; https://va.milesplit.com/meets/690551-region-3d-track-and-field-championships-2025/results/1182341"
2025-05-29,Long Jump,202,Region 3D Track & Field Championships,"raw 16-10; 2025 Outdoor; 3rd Finals; May 29, 2025; unit inches; https://va.milesplit.com/meets/690551-region-3d-track-and-field-championships-2025/results/1182341"
2025-05-29,Shot Put,436,Region 3D Track & Field Championships,"raw 36-4; 2025 Outdoor; 2nd Finals; May 29, 2025; unit inches; https://va.milesplit.com/meets/690551-region-3d-track-and-field-championships-2025/results/1182341"
2025-06-06,Discus,1180,VHSL Class 3 State Championships,"raw 98-4; 2025 Outdoor; 9th Finals; Jun 06-07, 2025; unit inches; https://va.milesplit.com/meets/680058-vhsl-class-3-state-championships-2025/results/1185734"
2025-06-06,Shot Put,419.5,VHSL Class 3 State Championships,"raw 34-11.5; 2025 Outdoor; 4th Finals; Jun 06-07, 2025; unit inches; https://va.milesplit.com/meets/680058-vhsl-class-3-state-championships-2025/results/1185734"
2025-12-06,300m,43.56,Liberty Flames High School Invitational,"raw 43.56; 2026 Indoor; 42nd Finals; Dec 06, 2025; unit seconds; https://va.milesplit.com/meets/695915-liberty-flames-high-school-invitational-2026/results/1243568"
2025-12-06,55m,7.73,Liberty Flames High School Invitational,"raw 7.73; 2026 Indoor; 42nd Prelims; Dec 06, 2025; unit seconds; https://va.milesplit.com/meets/695915-liberty-flames-high-school-invitational-2026/results/1243568"
2025-12-06,Long Jump,200,Liberty Flames High School Invitational,"raw 16-8; 2026 Indoor; 7th Finals; Dec 06, 2025; unit inches; https://va.milesplit.com/meets/695915-liberty-flames-high-school-invitational-2026/results/1243568"
2025-12-06,Shot Put,432.5,Liberty Flames High School Invitational,"raw 36-0.5; 2026 Indoor; 2nd Finals; Dec 06, 2025; unit inches; https://va.milesplit.com/meets/695915-liberty-flames-high-school-invitational-2026/results/1243568"
2025-12-06,Triple Jump,377.75,Liberty Flames High School Invitational,"raw 31-5.75; 2026 Indoor; 17th Finals; Dec 06, 2025; unit inches; https://va.milesplit.com/meets/695915-liberty-flames-high-school-invitational-2026/results/1243568"
2025-12-13,300m,43.28,Liberty Christmas High School Invitational,"raw 43.28; 2026 Indoor; 32nd Finals; Dec 13, 2025; unit seconds; https://va.milesplit.com/meets/695916-liberty-christmas-high-school-invitational-2026/results/1244400"
2025-12-13,55m,7.79,Liberty Christmas High School Invitational,"raw 7.79; 2026 Indoor; 56th Prelims; Dec 13, 2025; unit seconds; https://va.milesplit.com/meets/695916-liberty-christmas-high-school-invitational-2026/results/1244400"
2025-12-13,Long Jump,197.5,Liberty Christmas High School Invitational,"raw 16-5.5; 2026 Indoor; 9th Finals; Dec 13, 2025; unit inches; https://va.milesplit.com/meets/695916-liberty-christmas-high-school-invitational-2026/results/1244400"
2025-12-13,Shot Put,447.75,Liberty Christmas High School Invitational,"raw 37-3.75; 2026 Indoor; 3rd Finals; Dec 13, 2025; unit inches; https://va.milesplit.com/meets/695916-liberty-christmas-high-school-invitational-2026/results/1244400"
2025-12-13,Triple Jump,376,Liberty Christmas High School Invitational,"raw 31-4; 2026 Indoor; 26th Finals; Dec 13, 2025; unit inches; https://va.milesplit.com/meets/695916-liberty-christmas-high-school-invitational-2026/results/1244400"
2025-12-20,500m,84.29,Abingdon Christmas Polar Bear (MS/HS),"raw 1:24.29; 2026 Indoor; 1st Finals; Dec 20, 2025; unit seconds; https://va.milesplit.com/meets/699441-abingdon-christmas-polar-bear-mshs-2026/results/1245022"
2025-12-20,Long Jump,194,Abingdon Christmas Polar Bear (MS/HS),"raw 16-2; 2026 Indoor; 1st Finals; Dec 20, 2025; unit inches; https://va.milesplit.com/meets/699441-abingdon-christmas-polar-bear-mshs-2026/results/1245022"
2025-12-20,Shot Put,418.5,Abingdon Christmas Polar Bear (MS/HS),"raw 34-10.5; 2026 Indoor; 1st Finals; Dec 20, 2025; unit inches; https://va.milesplit.com/meets/699441-abingdon-christmas-polar-bear-mshs-2026/results/1245022"
2025-12-20,Triple Jump,409.5,Abingdon Christmas Polar Bear (MS/HS),"raw 34-1.5; 2026 Indoor; 1st Finals; Dec 20, 2025; unit inches; https://va.milesplit.com/meets/699441-abingdon-christmas-polar-bear-mshs-2026/results/1245022"
2026-01-03,300m,43.31,East Coast Elite - Around The World Invitational,"raw 43.31; 2026 Indoor; 1st Finals; Jan 03, 2026; unit seconds; https://va.milesplit.com/meets/693077-east-coast-elite-around-the-world-invitational-2026/results/1245769"
2026-01-03,500m,83.50,East Coast Elite - Around The World Invitational,"raw 1:23.50; 2026 Indoor; 3rd Finals; Jan 03, 2026; unit seconds; https://va.milesplit.com/meets/693077-east-coast-elite-around-the-world-invitational-2026/results/1245769"
2026-01-03,Long Jump,183.75,East Coast Elite - Around The World Invitational,"raw 15-3.75; 2026 Indoor; 7th Finals; Jan 03, 2026; unit inches; https://va.milesplit.com/meets/693077-east-coast-elite-around-the-world-invitational-2026/results/1245769"
2026-01-03,Shot Put,451,East Coast Elite - Around The World Invitational,"raw 37-7; 2026 Indoor; 2nd Finals; Jan 03, 2026; unit inches; https://va.milesplit.com/meets/693077-east-coast-elite-around-the-world-invitational-2026/results/1245769"
2026-01-03,Triple Jump,387,East Coast Elite - Around The World Invitational,"raw 32-3; 2026 Indoor; 3rd Finals; Jan 03, 2026; unit inches; https://va.milesplit.com/meets/693077-east-coast-elite-around-the-world-invitational-2026/results/1245769"
2026-01-10,300m,42.29,Liberty Premier Invitational,"raw 42.29; 2026 Indoor; 15th Finals; Jan 10, 2026; unit seconds; https://va.milesplit.com/meets/696027-liberty-premier-invitational-2026/results/1246386"
2026-01-10,500m,83.18,Liberty Premier Invitational,"raw 1:23.18; 2026 Indoor; 15th Finals; Jan 10, 2026; unit seconds; https://va.milesplit.com/meets/696027-liberty-premier-invitational-2026/results/1246386"
2026-01-10,Long Jump,188.25,Liberty Premier Invitational,"raw 15-8.25; 2026 Indoor; 10th Finals; Jan 10, 2026; unit inches; https://va.milesplit.com/meets/696027-liberty-premier-invitational-2026/results/1246386"
2026-01-10,Shot Put,455.5,Liberty Premier Invitational,"raw 37-11.5; 2026 Indoor; 2nd Finals; Jan 10, 2026; unit inches; https://va.milesplit.com/meets/696027-liberty-premier-invitational-2026/results/1246386"
2026-01-10,Triple Jump,383.75,Liberty Premier Invitational,"raw 31-11.75; 2026 Indoor; 13th Finals; Jan 10, 2026; unit inches; https://va.milesplit.com/meets/696027-liberty-premier-invitational-2026/results/1246386"
2026-01-16,300m,41.59,The VA Showcase,"raw 41.59; 2026 Indoor; 56th Finals; Jan 16-18, 2026; unit seconds; https://va.milesplit.com/meets/679875-the-va-showcase-2026/results/1247313"
2026-01-16,500m,85.70,The VA Showcase,"raw 1:25.70; 2026 Indoor; 86th Finals; Jan 16-18, 2026; unit seconds; https://va.milesplit.com/meets/679875-the-va-showcase-2026/results/1247227"
2026-01-16,Long Jump,195.5,The VA Showcase,"raw 16-3.5; 2026 Indoor; 30th Finals; Jan 16-18, 2026; unit inches; https://va.milesplit.com/meets/679875-the-va-showcase-2026/results/1247305"
2026-01-16,Shot Put,467,The VA Showcase,"raw 38-11; 2026 Indoor; 4th Finals; Jan 16-18, 2026; unit inches; https://va.milesplit.com/meets/679875-the-va-showcase-2026/results/1247303"
2026-01-16,Triple Jump,386.75,The VA Showcase,"raw 32-2.75; 2026 Indoor; 37th Finals; Jan 16-18, 2026; unit inches; https://va.milesplit.com/meets/679875-the-va-showcase-2026/results/1246945"
2026-01-23,300m,43.14,East Rockingham Indoor T&F Invitational,"raw 43.14; 2026 Indoor; 1st Finals; Jan 23, 2026; unit seconds; https://va.milesplit.com/meets/688385-east-rockingham-indoor-tandf-invitational-2026/results/1248092"
2026-01-23,High Jump,52,East Rockingham Indoor T&F Invitational,"raw 4-4; 2026 Indoor; 8th Finals; Jan 23, 2026; unit inches; https://va.milesplit.com/meets/688385-east-rockingham-indoor-tandf-invitational-2026/results/1248092"
2026-01-23,Long Jump,195,East Rockingham Indoor T&F Invitational,"raw 16-3; 2026 Indoor; 3rd Finals; Jan 23, 2026; unit inches; https://va.milesplit.com/meets/688385-east-rockingham-indoor-tandf-invitational-2026/results/1248092"
2026-01-23,Shot Put,439.5,East Rockingham Indoor T&F Invitational,"raw 36-7.5; 2026 Indoor; 1st Finals; Jan 23, 2026; unit inches; https://va.milesplit.com/meets/688385-east-rockingham-indoor-tandf-invitational-2026/results/1248092"
2026-01-23,Triple Jump,401,East Rockingham Indoor T&F Invitational,"raw 33-5; 2026 Indoor; 3rd Finals; Jan 23, 2026; unit inches; https://va.milesplit.com/meets/688385-east-rockingham-indoor-tandf-invitational-2026/results/1248092"
2026-02-04,500m,87.41,Tryon HS #9,"raw 1:27.41; 2026 Indoor; 3rd Finals; Feb 04, 2026; unit seconds; https://va.milesplit.com/meets/715159-tryon-hs-9-2026/results/1249232"
2026-02-04,55m,7.62,Tryon HS #9,"raw 7.62; 2026 Indoor; 6th Finals; Feb 04, 2026; unit seconds; https://va.milesplit.com/meets/715159-tryon-hs-9-2026/results/1249232"
2026-02-04,High Jump,54,Tryon HS #9,"raw 4-6; 2026 Indoor; 4th Finals; Feb 04, 2026; unit inches; https://va.milesplit.com/meets/715159-tryon-hs-9-2026/results/1249232"
2026-02-04,Long Jump,209,Tryon HS #9,"raw 17-5; 2026 Indoor; 2nd Finals; Feb 04, 2026; unit inches; https://va.milesplit.com/meets/715159-tryon-hs-9-2026/results/1249232"
2026-02-04,Shot Put,464,Tryon HS #9,"raw 38-8; 2026 Indoor; 1st Finals; Feb 04, 2026; unit inches; https://va.milesplit.com/meets/715159-tryon-hs-9-2026/results/1249232"
2026-02-07,300m,42.60,The 63rd East Coast Invitational,"raw 42.60; 2026 Indoor; 10th Finals; Feb 07, 2026; unit seconds; https://va.milesplit.com/meets/703297-the-63rd-east-coast-invitational-2026/results/1249611"
2026-02-07,Shot Put,481.75,The 63rd East Coast Invitational,"raw 40-1.75; 2026 Indoor; 1st Finals; Feb 07, 2026; unit inches; https://va.milesplit.com/meets/703297-the-63rd-east-coast-invitational-2026/results/1249611"
2026-02-07,Triple Jump,394.75,The 63rd East Coast Invitational,"raw 32-10.75; 2026 Indoor; 8th Finals; Feb 07, 2026; unit inches; https://va.milesplit.com/meets/703297-the-63rd-east-coast-invitational-2026/results/1249611"
2026-02-10,300m,43.28,Abingdon MS/HS Polar Bear Invitational,"raw 43.28; 2026 Indoor; 5th Finals; Feb 10, 2026; unit seconds; https://va.milesplit.com/meets/699450-abingdon-mshs-polar-bear-invitational-2026/results/1250051"
2026-02-10,55m,7.67,Abingdon MS/HS Polar Bear Invitational,"raw 7.67; 2026 Indoor; 3rd Finals; Feb 10, 2026; unit seconds; https://va.milesplit.com/meets/699450-abingdon-mshs-polar-bear-invitational-2026/results/1250051"
2026-02-10,Long Jump,197.25,Abingdon MS/HS Polar Bear Invitational,"raw 16-5.25; 2026 Indoor; 3rd Finals; Feb 10, 2026; unit inches; https://va.milesplit.com/meets/699450-abingdon-mshs-polar-bear-invitational-2026/results/1250051"
2026-02-10,Shot Put,460,Abingdon MS/HS Polar Bear Invitational,"raw 38-4; 2026 Indoor; 2nd Finals; Feb 10, 2026; unit inches; https://va.milesplit.com/meets/699450-abingdon-mshs-polar-bear-invitational-2026/results/1250051"
2026-02-10,Triple Jump,388,Abingdon MS/HS Polar Bear Invitational,"raw 32-4; 2026 Indoor; 3rd Finals; Feb 10, 2026; unit inches; https://va.milesplit.com/meets/699450-abingdon-mshs-polar-bear-invitational-2026/results/1250051"
2026-02-21,300m,43.28,VHSL Region 3D Indoor Championships,"raw 43.28; 2026 Indoor; 1st Finals; Feb 21, 2026; unit seconds; https://va.milesplit.com/meets/721704-vhsl-region-3d-indoor-championships-2026/results/1251708"
2026-02-21,500m,84.71,VHSL Region 3D Indoor Championships,"raw 1:24.71; 2026 Indoor; 3rd Finals; Feb 21, 2026; unit seconds; https://va.milesplit.com/meets/721704-vhsl-region-3d-indoor-championships-2026/results/1251708"
2026-02-21,55m,7.58,VHSL Region 3D Indoor Championships,"raw 7.58; 2026 Indoor; 2nd Finals; Feb 21, 2026; unit seconds; https://va.milesplit.com/meets/721704-vhsl-region-3d-indoor-championships-2026/results/1251708"
2026-02-21,Long Jump,190.5,VHSL Region 3D Indoor Championships,"raw 15-10.5; 2026 Indoor; 2nd Finals; Feb 21, 2026; unit inches; https://va.milesplit.com/meets/721704-vhsl-region-3d-indoor-championships-2026/results/1251708"
2026-02-21,Shot Put,456.75,VHSL Region 3D Indoor Championships,"raw 38-0.75; 2026 Indoor; 2nd Finals; Feb 21, 2026; unit inches; https://va.milesplit.com/meets/721704-vhsl-region-3d-indoor-championships-2026/results/1251708"
2026-02-21,Triple Jump,392.25,VHSL Region 3D Indoor Championships,"raw 32-8.25; 2026 Indoor; 2nd Finals; Feb 21, 2026; unit inches; https://va.milesplit.com/meets/721704-vhsl-region-3d-indoor-championships-2026/results/1251708"
2026-03-02,300m,43.02,VHSL Class 3 State Indoor Championships,"raw 43.02; 2026 Indoor; 6th Finals; Mar 02-03, 2026; unit seconds; https://va.milesplit.com/meets/719477-vhsl-class-3-state-indoor-championships-2026/results/1254174"
2026-03-02,55m,7.46,VHSL Class 3 State Indoor Championships,"raw 7.46; 2026 Indoor; 7th Prelims; Mar 02-03, 2026; unit seconds; https://va.milesplit.com/meets/719477-vhsl-class-3-state-indoor-championships-2026/results/1253930"
2026-03-02,55m,7.52,VHSL Class 3 State Indoor Championships,"raw 7.52; 2026 Indoor; 8th Finals; Mar 02-03, 2026; unit seconds; https://va.milesplit.com/meets/719477-vhsl-class-3-state-indoor-championships-2026/results/1254174"
2026-03-02,Long Jump,190.25,VHSL Class 3 State Indoor Championships,"raw 15-10.25; 2026 Indoor; 14th Finals; Mar 02-03, 2026; unit inches; https://va.milesplit.com/meets/719477-vhsl-class-3-state-indoor-championships-2026/results/1253930"
2026-03-02,Shot Put,477.5,VHSL Class 3 State Indoor Championships,"raw 39-9.5; 2026 Indoor; 2nd Finals; Mar 02-03, 2026; unit inches; https://va.milesplit.com/meets/719477-vhsl-class-3-state-indoor-championships-2026/results/1254174"
2026-03-02,Triple Jump,401.25,VHSL Class 3 State Indoor Championships,"raw 33-5.25; 2026 Indoor; 11th Finals; Mar 02-03, 2026; unit inches; https://va.milesplit.com/meets/719477-vhsl-class-3-state-indoor-championships-2026/results/1254174"
2026-03-28,100m,13.08,Mark Martin Invitational,"raw 13.08; 2026 Outdoor; 2nd Finals; Mar 28, 2026; unit seconds; https://va.milesplit.com/meets/699475-mark-martin-invitational-2026/results/1267089"
2026-03-28,200m,26.57,Mark Martin Invitational,"raw 26.57; 2026 Outdoor; 2nd Finals; Mar 28, 2026; unit seconds; https://va.milesplit.com/meets/699475-mark-martin-invitational-2026/results/1267089"
2026-03-28,400m,63.79,Mark Martin Invitational,"raw 1:03.79; 2026 Outdoor; 1st Finals; Mar 28, 2026; unit seconds; https://va.milesplit.com/meets/699475-mark-martin-invitational-2026/results/1267089"
2026-03-28,Discus,1452,Mark Martin Invitational,"raw 121-0; 2026 Outdoor; 2nd Finals; Mar 28, 2026; unit inches; https://va.milesplit.com/meets/699475-mark-martin-invitational-2026/results/1267089"
2026-03-28,Long Jump,190,Mark Martin Invitational,"raw 15-10; 2026 Outdoor; 4th Finals; Mar 28, 2026; unit inches; https://va.milesplit.com/meets/699475-mark-martin-invitational-2026/results/1267089"
2026-03-28,Shot Put,447,Mark Martin Invitational,"raw 37-3; 2026 Outdoor; 4th Finals; Mar 28, 2026; unit inches; https://va.milesplit.com/meets/699475-mark-martin-invitational-2026/results/1267089"
2026-03-28,Triple Jump,396,Mark Martin Invitational,"raw 33-0; 2026 Outdoor; 3rd Finals; Mar 28, 2026; unit inches; https://va.milesplit.com/meets/699475-mark-martin-invitational-2026/results/1267089"
2026-04-02,100m,13.00,Beach Run Invitational,"raw 13.00; 2026 Outdoor; 37th Prelims; Apr 02-04, 2026; unit seconds; https://va.milesplit.com/meets/742741-beach-run-invitational-2026/results/1272987"
2026-04-02,100m,12.90,The 31st Annual Judy Thomas Invitational,"raw 12.90; 2026 Outdoor; 5th Finals; Apr 02, 2026; unit seconds; https://va.milesplit.com/meets/703241-the-31st-annual-judy-thomas-invitational-2026/results/1271297"
2026-04-02,200m,27.05,Beach Run Invitational,"raw 27.05; 2026 Outdoor; 34th Prelims; Apr 02-04, 2026; unit seconds; https://va.milesplit.com/meets/742741-beach-run-invitational-2026/results/1272987"
2026-04-02,Discus,1374,The 31st Annual Judy Thomas Invitational,"raw 114-6; 2026 Outdoor; 1st Finals; Apr 02, 2026; unit inches; https://va.milesplit.com/meets/703241-the-31st-annual-judy-thomas-invitational-2026/results/1271297"
2026-04-02,Long Jump,194.75,Beach Run Invitational,"raw 16-2.75; 2026 Outdoor; 16th Finals; Apr 02-04, 2026; unit inches; https://va.milesplit.com/meets/742741-beach-run-invitational-2026/results/1272987"
2026-04-02,Shot Put,463.5,The 31st Annual Judy Thomas Invitational,"raw 38-7.5; 2026 Outdoor; 1st Finals; Apr 02, 2026; unit inches; https://va.milesplit.com/meets/703241-the-31st-annual-judy-thomas-invitational-2026/results/1271297"
2026-04-02,Triple Jump,407,The 31st Annual Judy Thomas Invitational,"raw 33-11; 2026 Outdoor; 2nd Finals; Apr 02, 2026; unit inches; https://va.milesplit.com/meets/703241-the-31st-annual-judy-thomas-invitational-2026/results/1271297"
2026-04-08,100m,13.09,Food City Track Classic,"raw 13.09; 2026 Outdoor; 3rd Finals; Apr 08, 2026; unit seconds; https://va.milesplit.com/meets/699483-food-city-track-classic-2026/results/1275497"
2026-04-08,300H,49.42,Food City Track Classic,"raw 49.42; 2026 Outdoor; 2nd Finals; Apr 08, 2026; unit seconds; https://va.milesplit.com/meets/699483-food-city-track-classic-2026/results/1275497"
2026-04-08,Discus,1471,Food City Track Classic,"raw 122-7; 2026 Outdoor; 1st Finals; Apr 08, 2026; unit inches; https://va.milesplit.com/meets/699483-food-city-track-classic-2026/results/1275497"
2026-04-08,Long Jump,192.5,Food City Track Classic,"raw 16-0.5; 2026 Outdoor; 3rd Finals; Apr 08, 2026; unit inches; https://va.milesplit.com/meets/699483-food-city-track-classic-2026/results/1275497"
2026-04-08,Shot Put,456.25,Food City Track Classic,"raw 38-0.25; 2026 Outdoor; 2nd Finals; Apr 08, 2026; unit inches; https://va.milesplit.com/meets/699483-food-city-track-classic-2026/results/1275497"
2026-04-08,Triple Jump,405.5,Food City Track Classic,"raw 33-9.5; 2026 Outdoor; 1st Finals; Apr 08, 2026; unit inches; https://va.milesplit.com/meets/699483-food-city-track-classic-2026/results/1275497"
2026-04-15,200m,26.59,Washington County Championships,"raw 26.59; 2026 Outdoor; 2nd Finals; Apr 15, 2026; unit seconds; https://va.milesplit.com/meets/699484-washington-county-championships-2026/results/1280867"
2026-04-15,400m,60.94,Washington County Championships,"raw 1:00.94; 2026 Outdoor; 2nd Finals; Apr 15, 2026; unit seconds; https://va.milesplit.com/meets/699484-washington-county-championships-2026/results/1280867"
2026-04-15,Discus,1356,Washington County Championships,"raw 113-0; 2026 Outdoor; 2nd Finals; Apr 15, 2026; unit inches; https://va.milesplit.com/meets/699484-washington-county-championships-2026/results/1280867"
2026-04-15,Long Jump,197.5,Washington County Championships,"raw 16-5.5; 2026 Outdoor; 1st Finals; Apr 15, 2026; unit inches; https://va.milesplit.com/meets/699484-washington-county-championships-2026/results/1280867"
2026-04-15,Shot Put,415.25,Washington County Championships,"raw 34-7.25; 2026 Outdoor; 2nd Finals; Apr 15, 2026; unit inches; https://va.milesplit.com/meets/699484-washington-county-championships-2026/results/1280867"
2026-04-15,Triple Jump,410.25,Washington County Championships,"raw 34-2.25; 2026 Outdoor; 1st Finals; Apr 15, 2026; unit inches; https://va.milesplit.com/meets/699484-washington-county-championships-2026/results/1280867"
2026-04-24,400m,61.20,"46th Trojan Timing Classic sponsored by Up & At ‘Em, Inc.","raw 1:01.20; 2026 Outdoor; 6th Finals; Apr 24, 2026; unit seconds; https://va.milesplit.com/meets/688761-46th-trojan-timing-classic-sponsored-by-up-and-at-em-inc-2026/results/1288466"
2026-04-24,Discus,1348,"46th Trojan Timing Classic sponsored by Up & At ‘Em, Inc.","raw 112-4; 2026 Outdoor; 5th Finals; Apr 24, 2026; unit inches; https://va.milesplit.com/meets/688761-46th-trojan-timing-classic-sponsored-by-up-and-at-em-inc-2026/results/1288466"
2026-04-24,Long Jump,207,"46th Trojan Timing Classic sponsored by Up & At ‘Em, Inc.","raw 17-3; 2026 Outdoor; 5th Finals; Apr 24, 2026; unit inches; https://va.milesplit.com/meets/688761-46th-trojan-timing-classic-sponsored-by-up-and-at-em-inc-2026/results/1288466"
2026-04-24,Shot Put,468,"46th Trojan Timing Classic sponsored by Up & At ‘Em, Inc.","raw 39-0; 2026 Outdoor; 3rd Finals; Apr 24, 2026; unit inches; https://va.milesplit.com/meets/688761-46th-trojan-timing-classic-sponsored-by-up-and-at-em-inc-2026/results/1288466"
2026-05-01,100m,12.81,Abingdon Twilight,"raw 12.81; 2026 Outdoor; 1st Finals; May 01, 2026; unit seconds; https://va.milesplit.com/meets/750691-abingdon-twilight-2026/results/1294126"
2026-05-01,300H,47.78,Abingdon Twilight,"raw 47.78; 2026 Outdoor; 1st Finals; May 01, 2026; unit seconds; https://va.milesplit.com/meets/750691-abingdon-twilight-2026/results/1294126"
2026-05-01,Discus,1401,Abingdon Twilight,"raw 116-9; 2026 Outdoor; 1st Finals; May 01, 2026; unit inches; https://va.milesplit.com/meets/750691-abingdon-twilight-2026/results/1294126"
2026-05-01,Long Jump,194.5,Abingdon Twilight,"raw 16-2.5; 2026 Outdoor; 1st Finals; May 01, 2026; unit inches; https://va.milesplit.com/meets/750691-abingdon-twilight-2026/results/1294126"
2026-05-01,Shot Put,441.5,Abingdon Twilight,"raw 36-9.5; 2026 Outdoor; 2nd Finals; May 01, 2026; unit inches; https://va.milesplit.com/meets/750691-abingdon-twilight-2026/results/1294126"
2026-05-01,Triple Jump,409.25,Abingdon Twilight,"raw 34-1.25; 2026 Outdoor; 2nd Finals; May 01, 2026; unit inches; https://va.milesplit.com/meets/750691-abingdon-twilight-2026/results/1294126"
2026-05-05,100m,12.86,West End Pharmacy Ridgeview Relays,"raw 12.86; 2026 Outdoor; 2nd Finals; May 05, 2026; unit seconds; https://va.milesplit.com/meets/721241-west-end-pharmacy-ridgeview-relays-2026/results/1296803"
2026-05-05,300H,48.85,West End Pharmacy Ridgeview Relays,"raw 48.85; 2026 Outdoor; 2nd Finals; May 05, 2026; unit seconds; https://va.milesplit.com/meets/721241-west-end-pharmacy-ridgeview-relays-2026/results/1296803"
2026-05-05,Discus,1368,West End Pharmacy Ridgeview Relays,"raw 114-0; 2026 Outdoor; 1st Finals; May 05, 2026; unit inches; https://va.milesplit.com/meets/721241-west-end-pharmacy-ridgeview-relays-2026/results/1296803"
2026-05-05,Long Jump,188,West End Pharmacy Ridgeview Relays,"raw 15-8; 2026 Outdoor; 4th Finals; May 05, 2026; unit inches; https://va.milesplit.com/meets/721241-west-end-pharmacy-ridgeview-relays-2026/results/1296803"
2026-05-05,Triple Jump,396,West End Pharmacy Ridgeview Relays,"raw 33-0; 2026 Outdoor; 2nd Finals; May 05, 2026; unit inches; https://va.milesplit.com/meets/721241-west-end-pharmacy-ridgeview-relays-2026/results/1296803"
2026-05-09,100m,12.74,Blue Demon Invitational,"raw 12.74; 2026 Outdoor; 3rd Finals; May 09, 2026; unit seconds; https://va.milesplit.com/meets/724719-blue-demon-invitational-2026/results/1300182"
2026-05-09,300H,47.75,Blue Demon Invitational,"raw 47.75; 2026 Outdoor; 5th Finals; May 09, 2026; unit seconds; https://va.milesplit.com/meets/724719-blue-demon-invitational-2026/results/1300182"
2026-05-09,Discus,1362.5,Blue Demon Invitational,"raw 113-6.5; 2026 Outdoor; 5th Finals; May 09, 2026; unit inches; https://va.milesplit.com/meets/724719-blue-demon-invitational-2026/results/1300182"
2026-05-09,Long Jump,192.75,Blue Demon Invitational,"raw 16-0.75; 2026 Outdoor; 10th Finals; May 09, 2026; unit inches; https://va.milesplit.com/meets/724719-blue-demon-invitational-2026/results/1300182"
2026-05-09,Shot Put,438,Blue Demon Invitational,"raw 36-6; 2026 Outdoor; 2nd Finals; May 09, 2026; unit inches; https://va.milesplit.com/meets/724719-blue-demon-invitational-2026/results/1300182"
2026-05-09,Triple Jump,394.25,Blue Demon Invitational,"raw 32-10.25; 2026 Outdoor; 11th Finals; May 09, 2026; unit inches; https://va.milesplit.com/meets/724719-blue-demon-invitational-2026/results/1300182"
2026-05-13,100m,12.69,Cary Street Partners Abingdon Last Chance,"raw 12.69; 2026 Outdoor; 2nd Finals; May 13, 2026; unit seconds; https://va.milesplit.com/meets/699486-cary-street-partners-abingdon-last-chance-2026/results/1302709"
2026-05-13,200m,26.46,Cary Street Partners Abingdon Last Chance,"raw 26.46; 2026 Outdoor; 1st Finals; May 13, 2026; unit seconds; https://va.milesplit.com/meets/699486-cary-street-partners-abingdon-last-chance-2026/results/1302709"
2026-05-13,Discus,1373,Cary Street Partners Abingdon Last Chance,"raw 114-5; 2026 Outdoor; 2nd Finals; May 13, 2026; unit inches; https://va.milesplit.com/meets/699486-cary-street-partners-abingdon-last-chance-2026/results/1302709"
2026-05-13,Shot Put,446,Cary Street Partners Abingdon Last Chance,"raw 37-2; 2026 Outdoor; 2nd Finals; May 13, 2026; unit inches; https://va.milesplit.com/meets/699486-cary-street-partners-abingdon-last-chance-2026/results/1302709"
2026-05-20,100m,12.84,Mountain 7 District Championships,"raw 12.84; 2026 Outdoor; 2nd Finals; May 20, 2026; unit seconds; https://va.milesplit.com/meets/721246-mountain-7-district-championships-2026/results/1305658"
2026-05-20,200m,26.33,Mountain 7 District Championships,"raw 26.33; 2026 Outdoor; 2nd Finals; May 20, 2026; unit seconds; https://va.milesplit.com/meets/721246-mountain-7-district-championships-2026/results/1305658"
2026-05-20,400m,61.56,Mountain 7 District Championships,"raw 1:01.56; 2026 Outdoor; 1st Finals; May 20, 2026; unit seconds; https://va.milesplit.com/meets/721246-mountain-7-district-championships-2026/results/1305658"
2026-05-20,Discus,1433,Mountain 7 District Championships,"raw 119-5; 2026 Outdoor; 2nd Finals; May 20, 2026; unit inches; https://va.milesplit.com/meets/721246-mountain-7-district-championships-2026/results/1305658"
2026-05-20,Long Jump,185.5,Mountain 7 District Championships,"raw 15-5.5; 2026 Outdoor; 7th Finals; May 20, 2026; unit inches; https://va.milesplit.com/meets/721246-mountain-7-district-championships-2026/results/1305658"
2026-05-20,Shot Put,465,Mountain 7 District Championships,"raw 38-9; 2026 Outdoor; 2nd Finals; May 20, 2026; unit inches; https://va.milesplit.com/meets/721246-mountain-7-district-championships-2026/results/1305658"
2026-05-20,Triple Jump,393.5,Mountain 7 District Championships,"raw 32-9.5; 2026 Outdoor; 5th Finals; May 20, 2026; unit inches; https://va.milesplit.com/meets/721246-mountain-7-district-championships-2026/results/1305658"
2026-05-28,100m,13.13,2026 Region 3D Track & Field Championships,"raw 13.13; 2026 Outdoor; 2nd Finals; May 28, 2026; unit seconds; https://va.milesplit.com/meets/758934-2026-region-3d-track-and-field-championships-2026/results/1307272"
2026-05-28,200m,26.32,2026 Region 3D Track & Field Championships,"raw 26.32; 2026 Outdoor; 2nd Finals; May 28, 2026; unit seconds; https://va.milesplit.com/meets/758934-2026-region-3d-track-and-field-championships-2026/results/1307272"
2026-05-28,400m,61.08,2026 Region 3D Track & Field Championships,"raw 1:01.08; 2026 Outdoor; 4th Finals; May 28, 2026; unit seconds; https://va.milesplit.com/meets/758934-2026-region-3d-track-and-field-championships-2026/results/1307272"
2026-05-28,Discus,1493,2026 Region 3D Track & Field Championships,"raw 124-5; 2026 Outdoor; 3rd Finals; May 28, 2026; unit inches; https://va.milesplit.com/meets/758934-2026-region-3d-track-and-field-championships-2026/results/1307272"
2026-05-28,Long Jump,202,2026 Region 3D Track & Field Championships,"raw 16-10; 2026 Outdoor; 4th Finals; May 28, 2026; unit inches; https://va.milesplit.com/meets/758934-2026-region-3d-track-and-field-championships-2026/results/1307272"
2026-05-28,Shot Put,465,2026 Region 3D Track & Field Championships,"raw 38-9; 2026 Outdoor; 2nd Finals; May 28, 2026; unit inches; https://va.milesplit.com/meets/758934-2026-region-3d-track-and-field-championships-2026/results/1307272"
2026-05-28,Triple Jump,399.25,2026 Region 3D Track & Field Championships,"raw 33-3.25; 2026 Outdoor; 6th Finals; May 28, 2026; unit inches; https://va.milesplit.com/meets/758934-2026-region-3d-track-and-field-championships-2026/results/1307272"
2026-06-05,100m,12.77,VHSL Class 3 State Championships,"raw 12.77; 2026 Outdoor; 12th Prelims; Jun 05-06, 2026; unit seconds; https://va.milesplit.com/meets/742520-vhsl-class-3-state-championships-2026/results/1308113"
2026-06-05,300H,47.16,VHSL Class 3 State Championships,"raw 47.16; 2026 Outdoor; 8th Finals; Jun 05-06, 2026; unit seconds; https://va.milesplit.com/meets/742520-vhsl-class-3-state-championships-2026/results/1308113"
2026-06-05,Discus,1500,VHSL Class 3 State Championships,"raw 125-0; 2026 Outdoor; 3rd Finals; Jun 05-06, 2026; unit inches; https://va.milesplit.com/meets/742520-vhsl-class-3-state-championships-2026/results/1308113"
2026-06-05,Long Jump,187.5,VHSL Class 3 State Championships,"raw 15-7.5; 2026 Outdoor; 23rd Finals; Jun 05-06, 2026; unit inches; https://va.milesplit.com/meets/742520-vhsl-class-3-state-championships-2026/results/1308113"
2026-06-05,Shot Put,450,VHSL Class 3 State Championships,"raw 37-6; 2026 Outdoor; 3rd Finals; Jun 05-06, 2026; unit inches; https://va.milesplit.com/meets/742520-vhsl-class-3-state-championships-2026/results/1308113"